{
    "segment_1.wav": {
        "start": 0.9300820827484131,
        "end": 5.217817783355713,
        "duration": 4.2877357006073
    },
    "segment_2.wav": {
        "start": 5.864728927612305,
        "end": 8.44927716255188,
        "duration": 2.584548234939575
    },
    "segment_1+segment_2.wav": {
        "start": 0.9300820827484131,
        "end": 8.44927716255188,
        "duration": 7.519195079803467
    },
    "__summary__": {
        "total_runtime_seconds": 11.848547458648682,
        "total_runtime_minutes": 0.19747579097747803
    }
}