{
    "segment_1.wav": {
        "start": 1.5162277221679688,
        "end": 3.0956287384033203,
        "duration": 1.5794010162353516
    },
    "segment_2.wav": {
        "start": 3.4117989540100098,
        "end": 5.524065256118774,
        "duration": 2.1122663021087646
    },
    "segment_3.wav": {
        "start": 6.41926121711731,
        "end": 8.477328777313232,
        "duration": 2.058067560195923
    },
    "segment_1+segment_2+segment_3.wav": {
        "start": 1.5162277221679688,
        "end": 8.477328777313232,
        "duration": 6.961101055145264
    },
    "__summary__": {
        "total_runtime_seconds": 10.405981063842773,
        "total_runtime_minutes": 0.1734330177307129
    }
}