{
    "segment_1.wav": {
        "start": 3.6519503593444824,
        "end": 11.456818103790283,
        "duration": 7.804867744445801
    },
    "__summary__": {
        "total_runtime_seconds": 14.998000860214233,
        "total_runtime_minutes": 0.24996668100357056
    }
}