{
    "__summary__": {
        "total_runtime_seconds": 5.497460603713989,
        "total_runtime_minutes": 0.09162434339523315
    }
}